onnx/medical/perturbations_0.onnx,vnnlib/medical/hyperrectangle_327.vnnlib,20
onnx/medical/perturbations_0.onnx,vnnlib/medical/hyperrectangle_1359.vnnlib,20
onnx/medical/perturbations_0.onnx,vnnlib/medical/hyperrectangle_369.vnnlib,20
onnx/medical/perturbations_0.onnx,vnnlib/medical/hyperrectangle_1871.vnnlib,20
onnx/medical/perturbations_0.onnx,vnnlib/medical/hyperrectangle_858.vnnlib,20
onnx/medical/perturbations_0.onnx,vnnlib/medical/hyperrectangle_2757.vnnlib,20
onnx/medical/perturbations_0.onnx,vnnlib/medical/hyperrectangle_404.vnnlib,20
onnx/medical/perturbations_0.onnx,vnnlib/medical/hyperrectangle_216.vnnlib,20
onnx/medical/perturbations_0.onnx,vnnlib/medical/hyperrectangle_517.vnnlib,20
onnx/medical/perturbations_0.onnx,vnnlib/medical/hyperrectangle_1238.vnnlib,20
onnx/medical/perturbations_0.onnx,vnnlib/medical/hyperrectangle_215.vnnlib,20
onnx/medical/perturbations_0.onnx,vnnlib/medical/hyperrectangle_2695.vnnlib,20
onnx/medical/perturbations_0.onnx,vnnlib/medical/hyperrectangle_1741.vnnlib,20
onnx/medical/perturbations_0.onnx,vnnlib/medical/hyperrectangle_1541.vnnlib,20
onnx/medical/perturbations_0.onnx,vnnlib/medical/hyperrectangle_2577.vnnlib,20
onnx/medical/perturbations_0.onnx,vnnlib/medical/hyperrectangle_936.vnnlib,20
onnx/medical/perturbations_0.onnx,vnnlib/medical/hyperrectangle_2196.vnnlib,20
onnx/medical/perturbations_0.onnx,vnnlib/medical/hyperrectangle_852.vnnlib,20
onnx/medical/perturbations_0.onnx,vnnlib/medical/hyperrectangle_2005.vnnlib,20
onnx/medical/perturbations_0.onnx,vnnlib/medical/hyperrectangle_599.vnnlib,20
onnx/medical/perturbations_0.onnx,vnnlib/medical/hyperrectangle_2864.vnnlib,20
onnx/medical/perturbations_0.onnx,vnnlib/medical/hyperrectangle_2804.vnnlib,20
onnx/medical/perturbations_0.onnx,vnnlib/medical/hyperrectangle_2360.vnnlib,20
onnx/medical/perturbations_0.onnx,vnnlib/medical/hyperrectangle_2469.vnnlib,20
onnx/medical/perturbations_0.onnx,vnnlib/medical/hyperrectangle_971.vnnlib,20
onnx/medical/perturbations_0.onnx,vnnlib/medical/hyperrectangle_368.vnnlib,20
onnx/medical/perturbations_0.onnx,vnnlib/medical/hyperrectangle_219.vnnlib,20
onnx/medical/perturbations_0.onnx,vnnlib/medical/hyperrectangle_2834.vnnlib,20
onnx/medical/perturbations_0.onnx,vnnlib/medical/hyperrectangle_564.vnnlib,20
onnx/medical/perturbations_0.onnx,vnnlib/medical/hyperrectangle_837.vnnlib,20
onnx/medical/perturbations_0.onnx,vnnlib/medical/hyperrectangle_478.vnnlib,20
onnx/medical/perturbations_0.onnx,vnnlib/medical/hyperrectangle_534.vnnlib,20
onnx/medical/perturbations_0.onnx,vnnlib/medical/hyperrectangle_1092.vnnlib,20
onnx/medical/perturbations_0.onnx,vnnlib/medical/hyperrectangle_323.vnnlib,20
onnx/medical/perturbations_0.onnx,vnnlib/medical/hyperrectangle_510.vnnlib,20
onnx/medical/perturbations_0.onnx,vnnlib/medical/hyperrectangle_2477.vnnlib,20
onnx/medical/perturbations_0.onnx,vnnlib/medical/hyperrectangle_2144.vnnlib,20
onnx/medical/perturbations_0.onnx,vnnlib/medical/hyperrectangle_2531.vnnlib,20
onnx/medical/perturbations_0.onnx,vnnlib/medical/hyperrectangle_189.vnnlib,20
onnx/medical/perturbations_0.onnx,vnnlib/medical/hyperrectangle_1399.vnnlib,20
onnx/medical/perturbations_0.onnx,vnnlib/medical/hyperrectangle_2717.vnnlib,20
onnx/medical/perturbations_0.onnx,vnnlib/medical/hyperrectangle_1343.vnnlib,20
onnx/medical/perturbations_0.onnx,vnnlib/medical/hyperrectangle_1411.vnnlib,20
onnx/medical/perturbations_0.onnx,vnnlib/medical/hyperrectangle_2516.vnnlib,20
onnx/medical/perturbations_0.onnx,vnnlib/medical/hyperrectangle_1202.vnnlib,20
onnx/medical/perturbations_0.onnx,vnnlib/medical/hyperrectangle_1444.vnnlib,20
onnx/medical/perturbations_0.onnx,vnnlib/medical/hyperrectangle_2759.vnnlib,20
onnx/medical/perturbations_0.onnx,vnnlib/medical/hyperrectangle_815.vnnlib,20
onnx/medical/perturbations_0.onnx,vnnlib/medical/hyperrectangle_619.vnnlib,20
onnx/medical/perturbations_0.onnx,vnnlib/medical/hyperrectangle_580.vnnlib,20
onnx/ruarobot/perturbations_0.onnx,vnnlib/ruarobot/hyperrectangle_3607.vnnlib,20
onnx/ruarobot/perturbations_0.onnx,vnnlib/ruarobot/hyperrectangle_67.vnnlib,20
onnx/ruarobot/perturbations_0.onnx,vnnlib/ruarobot/hyperrectangle_1340.vnnlib,20
onnx/ruarobot/perturbations_0.onnx,vnnlib/ruarobot/hyperrectangle_6324.vnnlib,20
onnx/ruarobot/perturbations_0.onnx,vnnlib/ruarobot/hyperrectangle_269.vnnlib,20
onnx/ruarobot/perturbations_0.onnx,vnnlib/ruarobot/hyperrectangle_4442.vnnlib,20
onnx/ruarobot/perturbations_0.onnx,vnnlib/ruarobot/hyperrectangle_1304.vnnlib,20
onnx/ruarobot/perturbations_0.onnx,vnnlib/ruarobot/hyperrectangle_2681.vnnlib,20
onnx/ruarobot/perturbations_0.onnx,vnnlib/ruarobot/hyperrectangle_5388.vnnlib,20
onnx/ruarobot/perturbations_0.onnx,vnnlib/ruarobot/hyperrectangle_1921.vnnlib,20
onnx/ruarobot/perturbations_0.onnx,vnnlib/ruarobot/hyperrectangle_6277.vnnlib,20
onnx/ruarobot/perturbations_0.onnx,vnnlib/ruarobot/hyperrectangle_7466.vnnlib,20
onnx/ruarobot/perturbations_0.onnx,vnnlib/ruarobot/hyperrectangle_539.vnnlib,20
onnx/ruarobot/perturbations_0.onnx,vnnlib/ruarobot/hyperrectangle_2344.vnnlib,20
onnx/ruarobot/perturbations_0.onnx,vnnlib/ruarobot/hyperrectangle_7575.vnnlib,20
onnx/ruarobot/perturbations_0.onnx,vnnlib/ruarobot/hyperrectangle_3004.vnnlib,20
onnx/ruarobot/perturbations_0.onnx,vnnlib/ruarobot/hyperrectangle_3367.vnnlib,20
onnx/ruarobot/perturbations_0.onnx,vnnlib/ruarobot/hyperrectangle_3044.vnnlib,20
onnx/ruarobot/perturbations_0.onnx,vnnlib/ruarobot/hyperrectangle_5464.vnnlib,20
onnx/ruarobot/perturbations_0.onnx,vnnlib/ruarobot/hyperrectangle_2690.vnnlib,20
onnx/ruarobot/perturbations_0.onnx,vnnlib/ruarobot/hyperrectangle_4558.vnnlib,20
onnx/ruarobot/perturbations_0.onnx,vnnlib/ruarobot/hyperrectangle_1226.vnnlib,20
onnx/ruarobot/perturbations_0.onnx,vnnlib/ruarobot/hyperrectangle_2995.vnnlib,20
onnx/ruarobot/perturbations_0.onnx,vnnlib/ruarobot/hyperrectangle_4264.vnnlib,20
onnx/ruarobot/perturbations_0.onnx,vnnlib/ruarobot/hyperrectangle_4681.vnnlib,20
onnx/ruarobot/perturbations_0.onnx,vnnlib/ruarobot/hyperrectangle_3730.vnnlib,20
onnx/ruarobot/perturbations_0.onnx,vnnlib/ruarobot/hyperrectangle_49.vnnlib,20
onnx/ruarobot/perturbations_0.onnx,vnnlib/ruarobot/hyperrectangle_356.vnnlib,20
onnx/ruarobot/perturbations_0.onnx,vnnlib/ruarobot/hyperrectangle_866.vnnlib,20
onnx/ruarobot/perturbations_0.onnx,vnnlib/ruarobot/hyperrectangle_4905.vnnlib,20
onnx/ruarobot/perturbations_0.onnx,vnnlib/ruarobot/hyperrectangle_1931.vnnlib,20
onnx/ruarobot/perturbations_0.onnx,vnnlib/ruarobot/hyperrectangle_4647.vnnlib,20
onnx/ruarobot/perturbations_0.onnx,vnnlib/ruarobot/hyperrectangle_7492.vnnlib,20
onnx/ruarobot/perturbations_0.onnx,vnnlib/ruarobot/hyperrectangle_2038.vnnlib,20
onnx/ruarobot/perturbations_0.onnx,vnnlib/ruarobot/hyperrectangle_4589.vnnlib,20
onnx/ruarobot/perturbations_0.onnx,vnnlib/ruarobot/hyperrectangle_2638.vnnlib,20
onnx/ruarobot/perturbations_0.onnx,vnnlib/ruarobot/hyperrectangle_5248.vnnlib,20
onnx/ruarobot/perturbations_0.onnx,vnnlib/ruarobot/hyperrectangle_697.vnnlib,20
onnx/ruarobot/perturbations_0.onnx,vnnlib/ruarobot/hyperrectangle_6091.vnnlib,20
onnx/ruarobot/perturbations_0.onnx,vnnlib/ruarobot/hyperrectangle_5055.vnnlib,20
onnx/ruarobot/perturbations_0.onnx,vnnlib/ruarobot/hyperrectangle_751.vnnlib,20
onnx/ruarobot/perturbations_0.onnx,vnnlib/ruarobot/hyperrectangle_420.vnnlib,20
onnx/ruarobot/perturbations_0.onnx,vnnlib/ruarobot/hyperrectangle_7428.vnnlib,20
onnx/ruarobot/perturbations_0.onnx,vnnlib/ruarobot/hyperrectangle_2118.vnnlib,20
onnx/ruarobot/perturbations_0.onnx,vnnlib/ruarobot/hyperrectangle_680.vnnlib,20
onnx/ruarobot/perturbations_0.onnx,vnnlib/ruarobot/hyperrectangle_1928.vnnlib,20
onnx/ruarobot/perturbations_0.onnx,vnnlib/ruarobot/hyperrectangle_2735.vnnlib,20
onnx/ruarobot/perturbations_0.onnx,vnnlib/ruarobot/hyperrectangle_537.vnnlib,20
onnx/ruarobot/perturbations_0.onnx,vnnlib/ruarobot/hyperrectangle_1413.vnnlib,20
onnx/ruarobot/perturbations_0.onnx,vnnlib/ruarobot/hyperrectangle_2930.vnnlib,20
